query_name,sources,start,end,duration_seconds,http_requests,produced_results,results_count,error
EX4-24-10-25,None,2025-10-24T10:53:29.319965,2025-10-31T17:11:33.740474,317944.668651,,8,5,46
42_ns.rq,"['https://sparql.uniprot.org/sparql', 'https://data.epo.org/linked-data/query']",2025-10-24T10:53:29.320229,2025-10-24T10:54:31.477687,62.157458,14.0,True,66,None
67_draft_human_metabolome_ns.rq,"['https://sparql.uniprot.org/sparql', 'https://sparql.rhea-db.org/sparql']",2025-10-24T10:54:32.486946,2025-10-24T20:39:37.003921,35104.516975,628216.0,False,0,fetch failed
109_uniprot_transporter_in_liver_ns.rq,"['https://sparql.uniprot.org/sparql', 'https://www.bgee.org/sparql']",2025-10-24T20:39:38.013234,2025-10-24T20:39:50.763339,12.750105,22.0,True,0,None
43_ns.rq,"['https://sparql.uniprot.org/sparql', 'https://data.epo.org/linked-data/query']",2025-10-24T20:39:51.772685,2025-10-24T20:53:17.032599,805.259914,39.0,True,71,None
53_ns.rq,"['https://sparql.uniprot.org/sparql', 'https://sparql.rhea-db.org/sparql', 'https://sparql.omabrowser.org/sparql']",2025-10-24T20:53:18.041959,2025-10-24T21:03:17.536643,599.494684,970.0,False,0,DEBUG: Server-side error encountered
40_ns.rq,"['https://sparql.uniprot.org/sparql', 'https://sparql.rhea-db.org/sparql']",2025-10-24T21:03:18.545800,2025-10-24T21:04:31.677928,73.132128,29.0,False,0,FATAL ERROR: Reached heap limit Allocation failed
92_uniprot_bioregistry_iri_translation_ns.rq,"['https://sparql.uniprot.org/sparql', 'https://bioregistry.io/sparql']",2025-10-24T21:04:32.686981,2025-10-24T21:04:37.696881,5.0099,7.0,True,0,None
48_ns.rq,"['https://sparql.uniprot.org/sparql', 'https://glyconnect.expasy.org/sparql']",2025-10-24T21:04:38.706083,2025-10-24T21:05:17.328266,38.622183,563.0,False,0,Request failed: https://glyconnect.expasy.org/sparql?query=ASK%20WHERE%20%7B%20%3Fprotein%20%3Chttp%3A%2F%2Fpurl.uniprot.org%2Fcore%2Fannotation%3E%20%3Fannotation.%20%7D
50_ns.rq,"['https://sparql.uniprot.org/sparql', 'https://sparql.rhea-db.org/sparql', 'https://www.bgee.org/sparql']",2025-10-24T21:05:18.337574,2025-10-25T00:00:02.458221,10484.120647,206824.0,False,0,fetch failed
29_ns.rq,"['https://sparql.uniprot.org/sparql', 'https://data.allie.dbcls.jp/sparql']",2025-10-25T00:00:03.467557,2025-10-25T00:01:00.999093,57.531536,30.0,False,0,DEBUG: Server reported client-side error
19_draft_human_metabolome_ns.rq,"['https://sparql.rhea-db.org/sparql', 'https://sparql.uniprot.org/sparql']",2025-10-25T00:01:02.008310,2025-10-25T00:05:10.989283,248.980973,1280.0,False,0,fetch failed
51_ns.rq,"['https://sparql.uniprot.org/sparql', 'https://sparql.rhea-db.org/sparql']",2025-10-25T00:05:11.998439,2025-10-25T00:06:42.827843,90.829404,30.0,False,0,Aborted
36_ns.rq,"['https://sparql.uniprot.org/sparql', 'https://sparql.orthodb.org/sparql']",2025-10-25T00:06:43.837099,2025-10-25T00:07:50.133190,66.296091,39.0,False,0,FATAL ERROR: Reached heap limit Allocation failed
45_ns.rq,"['https://sparql.uniprot.org/sparql', 'https://sparql.rhea-db.org/sparql', 'https://query.wikidata.org/sparql']",2025-10-25T00:07:51.142491,2025-10-25T00:16:17.182042,506.039551,12770.0,False,0,terminated
019_ns.rq,"['https://www.bgee.org/sparql', 'https://sparql.omabrowser.org/sparql']",2025-10-29T09:21:46.788510,2025-10-30T21:18:26.739272,129399.950762,0.0,False,0,Unknown Error
19_ns.rq,"['https://sparql.orthodb.org/sparql', 'https://sparql.uniprot.org/sparql', 'https://sparql.rhea-db.org/sparql']",2025-10-30T21:18:27.748496,2025-10-30T21:20:00.611967,92.863471,595.0,False,0,FATAL ERROR: Reached heap limit Allocation failed
18_ns.rq,"['https://sparql.orthodb.org/sparql', 'https://sparql.nextprot.org']",2025-10-30T21:20:01.621223,2025-10-30T21:20:06.071550,4.450327,31.0,False,0,Unknown SPARQL results content type: text/html
017_ns.rq,"['https://www.bgee.org/sparql', 'https://sparql.uniprot.org/sparql']",2025-10-30T21:20:07.080657,2025-10-30T21:21:16.665246,69.584589,39.0,False,0,FATAL ERROR: Reached heap limit Allocation failed
020_ns.rq,"['https://www.bgee.org/sparql', 'https://sparql.omabrowser.org/sparql']",2025-10-30T21:21:17.674526,2025-10-31T00:43:34.896683,12137.222157,853538.0,False,0,DEBUG: Server-side error encountered
17_ns.rq,"['https://sparql.orthodb.org/sparql', 'https://sparql.uniprot.org/sparql']",2025-10-31T00:43:35.906094,2025-10-31T00:43:40.777523,4.871429,23.0,False,0,DEBUG: Server reported client-side error
26_ns.rq,"['https://beta.sparql.swisslipids.org/sparql', 'https://sparql.rhea-db.org/sparql', 'https://sparql.uniprot.org/sparql']",2025-10-31T00:43:41.786841,2025-10-31T00:45:09.375063,87.588222,37.0,False,0,Aborted
5_ns.rq,"['https://beta.sparql.swisslipids.org/sparql', 'https://sparql.rhea-db.org/sparql']",2025-10-31T00:45:10.384078,2025-10-31T00:54:46.037992,575.653914,36303.0,True,266,None
16_ns.rq,"['https://beta.sparql.swisslipids.org/sparql', 'https://sparql.rhea-db.org/sparql', 'https://sparql.uniprot.org/sparql']",2025-10-31T00:54:47.047048,2025-10-31T15:46:11.801360,53484.754312,554687.0,False,0,fetch failed
7_ns.rq,"['https://beta.sparql.swisslipids.org/sparql', 'https://sparql.rhea-db.org/sparql', 'https://sparql.uniprot.org/sparql']",2025-10-31T15:46:12.810675,2025-10-31T15:46:20.621564,7.810889,51.0,True,0,None
34_ns.rq,"['https://beta.sparql.swisslipids.org/sparql', 'https://sparql.rhea-db.org/sparql', 'https://sparql.uniprot.org/sparql']",2025-10-31T15:46:21.630939,2025-10-31T15:52:28.429204,366.798265,3524.0,False,0,fetch failed
6_ns.rq,"['https://beta.sparql.swisslipids.org/sparql', 'https://sparql.rhea-db.org/sparql', 'https://sparql.uniprot.org/sparql']",2025-10-31T15:52:29.438525,2025-10-31T17:04:53.931174,4344.492649,67636.0,False,0,fetch failed
016_ns.rq,"['https://www.bgee.org/sparql', 'https://sparql.uniprot.org/sparql', 'https://sparql.omabrowser.org/sparql']",2025-10-31T17:04:54.940438,2025-10-31T17:09:59.896378,304.95594,72.0,False,0,fetch failed
27_ns.rq,"['https://beta.sparql.swisslipids.org/sparql', 'https://sparql.rhea-db.org/sparql', 'https://sparql.uniprot.org/sparql']",2025-10-31T17:10:00.905653,2025-10-31T17:11:33.740358,92.834705,71.0,False,0,Aborted
018_ns.rq,"['https://www.bgee.org/sparql', 'https://sparql.omabrowser.org/sparql']",2025-10-28T08:14:34.354377,2025-10-28T08:18:43.376164,249.021787,267.0,False,0,DEBUG: Server-side error encountered
18_ns.rq,"['https://sparql.rhea-db.org/sparql', 'https://idsm.elixir-czech.cz/sparql/endpoint/chebi']",2025-10-28T08:18:44.377212,2025-10-28T08:18:48.683067,4.305855,31.0,False,0,Unknown SPARQL results content type: text/html
emi#examples019b_ns.rq,"['https://biosoda.unil.ch/emi/sparql', 'https://qlever.cs.uni']",2025-10-28T08:18:49.683996,2025-10-28T08:18:53.913050,4.229054,4.0,False,0,DEBUG: Server-side error encountered
11_ns.rq,"['https://sparql.rhea-db.org/sparql', 'https://sparql.uniprot.org/sparql']",2025-10-28T08:18:54.913700,2025-10-28T08:19:58.088489,63.174789,11.0,False,0,FATAL ERROR: Reached heap limit Allocation failed
emi#examples019a_ns.rq,"['https://biosoda.unil.ch/emi/sparql', 'https://qlever.cs.uni']",2025-10-28T08:19:59.089486,2025-10-28T08:20:03.251122,4.161636,4.0,False,0,DEBUG: Server-side error encountered
emi#examples011a_ns.rq,"['https://biosoda.unil.ch/emi/sparql', 'https://qlever.cs.uni']",2025-10-28T08:20:04.252141,2025-10-28T08:20:08.431556,4.179415,4.0,False,0,DEBUG: Server-side error encountered
009_ns.rq,"['https://biosoda.unil.ch/emi/sparql', 'https://query.wikidata.org/sparql']",2025-10-28T08:20:09.432550,2025-10-28T08:20:13.588932,4.156382,4.0,False,0,DEBUG: Server-side error encountered
001_ns.rq,"['https://biosoda.unil.ch/emi/sparql', 'https://query.wikidata.org/sparql']",2025-10-28T08:20:14.590008,2025-10-28T08:20:18.700754,4.110746,4.0,False,0,DEBUG: Server-side error encountered
3_ns.rq,"['https://sparql.omabrowser.org/sparql', 'https://sparql.uniprot.org/sparql']",2025-10-28T08:20:19.701829,2025-10-28T09:40:22.824373,4803.122544,27048.0,False,0,DEBUG: Server reported client-side error
006_ns.rq,"['https://biosoda.unil.ch/emi/sparql', 'https://query.wikidata.org/sparql']",2025-10-28T09:40:23.825423,2025-10-28T09:40:28.065904,4.240481,4.0,False,0,DEBUG: Server-side error encountered
13_ns.rq,"['https://sparql.rhea-db.org/sparql', 'https://sparql.uniprot.org/sparql']",2025-10-28T09:40:29.066906,2025-10-28T09:41:15.782347,46.715441,24.0,True,8584,None
20_search_chemical_names_in_japanese_ns.rq,"['https://sparql.rhea-db.org/sparql', 'https://data.allie.dbcls.jp/sparql']",2025-10-28T09:41:16.783352,2025-10-28T09:42:12.174638,55.391286,16.0,False,0,DEBUG: Server reported client-side error
12_ns.rq,"['https://sparql.rhea-db.org/sparql', 'https://sparql.uniprot.org/sparql']",2025-10-28T09:42:13.175642,2025-10-28T09:42:28.399685,15.224043,17.0,True,52700,None
emi#examples011b_ns.rq,"['https://biosoda.unil.ch/emi/sparql', 'https://qlever.cs.uni']",2025-10-28T09:42:29.400695,2025-10-28T09:42:33.518426,4.117731,4.0,False,0,DEBUG: Server-side error encountered
15-rat-TP53-biosodafrontend_ns.rq,"['https://sparql.omabrowser.org/sparql', 'https://sparql.uniprot.org/sparql']",2025-10-28T13:17:51.680235,2025-10-28T13:19:12.838650,81.158415,62.0,False,0,DEBUG: Server-side error encountered
118_biosodafrontend_rat_brain_human_cancer_ns.rq,"['https://sparql.uniprot.org/sparql', 'https://sparql.omabrowser.org/sparql', 'https://www.bgee.org/sparql']",2025-10-28T13:19:13.839639,2025-10-29T06:52:14.546665,63180.707026,1852.0,False,0,DEBUG: Server-side error encountered
emi#examples018_ns.rq,"['https://biosoda.unil.ch/emi/sparql', 'https://qlever.cs.uni']",2025-10-29T06:52:15.547784,2025-10-29T06:52:19.763740,4.215956,4.0,False,0,DEBUG: Server-side error encountered
116_biosodafrontend_rabit_mouse_orthologs_ns.rq,"['https://sparql.uniprot.org/sparql', 'https://sparql.omabrowser.org/sparql']",2025-10-29T06:52:20.764748,2025-10-29T06:52:26.222035,5.457287,19.0,False,0,fetch failed
117_biosodafrontend_glioblastoma_orthologs_rat_ns.rq,"['https://sparql.uniprot.org/sparql', 'https://sparql.omabrowser.org/sparql', 'https://www.bgee.org/sparql']",2025-10-29T06:52:27.222780,2025-10-29T06:52:34.615586,7.392806,44.0,False,0,fetch failed
emi#examples015_ns.rq,"['https://biosoda.unil.ch/emi/sparql', 'https://qlever.cs.uni']",2025-10-29T06:52:35.616617,2025-10-29T06:52:39.743935,4.127318,4.0,False,0,DEBUG: Server-side error encountered
emi#examples012_ns.rq,"['https://biosoda.unil.ch/emi/sparql', 'https://qlever.cs.uni']",2025-10-29T06:52:40.744969,2025-10-29T06:52:44.891427,4.146458,5.0,False,0,DEBUG: Server-side error encountered
emi#examples013_ns.rq,"['https://biosoda.unil.ch/emi/sparql', 'https://qlever.cs.uni']",2025-10-29T06:52:45.892435,2025-10-29T06:52:49.988915,4.09648,5.0,False,0,DEBUG: Server-side error encountered
007_ns.rq,"['https://biosoda.unil.ch/emi/sparql', 'https://query.wikidata.org/sparql']",2025-10-29T06:52:50.989939,2025-10-29T06:52:55.112436,4.122497,4.0,False,0,DEBUG: Server-side error encountered
emi#examples021_ns.rq,"['https://biosoda.unil.ch/emi/sparql', 'https://qlever.cs.uni']",2025-10-29T06:52:56.113452,2025-10-29T06:53:00.273916,4.160464,4.0,False,0,DEBUG: Server-side error encountered
028-biosodafrontend_ns.rq,"['https://www.bgee.org/sparql', 'https://sparql.uniprot.org/sparql']",2025-10-29T06:53:01.274903,2025-10-29T06:54:40.219452,98.944549,54.0,False,0,Aborted
027-biosodafrontend_ns.rq,"['https://www.bgee.org/sparql', 'https://sparql.uniprot.org/sparql']",2025-10-29T06:54:41.220414,2025-10-29T06:56:22.369923,101.149509,49.0,False,0,Aborted
